Kod TERYT,Nazwa województwa,Rok zgonu,Miesiąc zgonu,Zgony kobiet Przedział wiekowy 0-64 lata,Zgony kobiet Przedział wiekowy 65 lat i więcej,Zgony mężczyn Przedział wiekowy 0-64 lata,Zgony mężczyzn Przedział wiekowy 65 lat i więcej
02,DOLNOŚLĄSKIE,2022,01,258,1692,550,1370
02,DOLNOŚLĄSKIE,2022,02,202,1440,416,1189
02,DOLNOŚLĄSKIE,2022,03,216,1382,429,1185
02,DOLNOŚLĄSKIE,2022,04,185,1241,429,1054
04,KUJAWSKO-POMORSKIE,2022,01,162,1047,387,929
04,KUJAWSKO-POMORSKIE,2022,02,130,935,307,779
04,KUJAWSKO-POMORSKIE,2022,03,154,975,273,806
04,KUJAWSKO-POMORSKIE,2022,04,120,870,290,646
06,LUBELSKIE,2022,01,149,1140,351,902
06,LUBELSKIE,2022,02,106,1056,303,834
06,LUBELSKIE,2022,03,102,981,304,830
06,LUBELSKIE,2022,04,122,914,293,729
08,LUBUSKIE,2022,01,83,474,194,418
08,LUBUSKIE,2022,02,67,432,149,372
08,LUBUSKIE,2022,03,73,452,172,370
08,LUBUSKIE,2022,04,72,403,146,367
10,ŁÓDZKIE,2022,01,207,1659,464,1269
10,ŁÓDZKIE,2022,02,170,1344,424,1070
10,ŁÓDZKIE,2022,03,187,1290,414,1074
10,ŁÓDZKIE,2022,04,191,1216,415,917
12,MAŁOPOLSKIE,2022,01,244,1745,532,1492
12,MAŁOPOLSKIE,2022,02,132,1565,465,1294
12,MAŁOPOLSKIE,2022,03,164,1418,480,1154
12,MAŁOPOLSKIE,2022,04,153,1287,393,1090
14,MAZOWIECKIE,2022,01,374,2820,977,2395
14,MAZOWIECKIE,2022,02,291,2590,719,2115
14,MAZOWIECKIE,2022,03,305,2533,820,1988
14,MAZOWIECKIE,2022,04,274,2217,732,1873
16,OPOLSKIE,2022,01,66,564,203,448
16,OPOLSKIE,2022,02,55,461,152,431
16,OPOLSKIE,2022,03,58,446,136,370
16,OPOLSKIE,2022,04,57,410,148,360
18,PODKARPACKIE,2022,01,142,1113,345,944
18,PODKARPACKIE,2022,02,90,951,310,789
18,PODKARPACKIE,2022,03,98,817,272,719
18,PODKARPACKIE,2022,04,94,717,259,623
20,PODLASKIE,2022,01,67,563,212,503
20,PODLASKIE,2022,02,74,560,180,476
20,PODLASKIE,2022,03,56,528,173,467
20,PODLASKIE,2022,04,52,448,162,397
22,POMORSKIE,2022,01,167,1183,392,1003
22,POMORSKIE,2022,02,148,994,289,897
22,POMORSKIE,2022,03,139,900,299,807
22,POMORSKIE,2022,04,135,899,314,762
24,ŚLĄSKIE,2022,01,406,2742,885,2212
24,ŚLĄSKIE,2022,02,321,2344,684,2047
24,ŚLĄSKIE,2022,03,324,2011,762,1737
24,ŚLĄSKIE,2022,04,295,1896,694,1668
26,ŚWIĘTOKRZYSKIE,2022,01,112,730,231,682
26,ŚWIĘTOKRZYSKIE,2022,02,78,661,202,613
26,ŚWIĘTOKRZYSKIE,2022,03,76,576,192,552
26,ŚWIĘTOKRZYSKIE,2022,04,72,543,203,439
28,WARMIŃSKO-MAZURSKIE,2022,01,131,737,243,586
28,WARMIŃSKO-MAZURSKIE,2022,02,81,607,200,536
28,WARMIŃSKO-MAZURSKIE,2022,03,82,561,228,580
28,WARMIŃSKO-MAZURSKIE,2022,04,88,554,213,511
30,WIELKOPOLSKIE,2022,01,244,1724,580,1456
30,WIELKOPOLSKIE,2022,02,224,1508,470,1299
30,WIELKOPOLSKIE,2022,03,215,1425,470,1304
30,WIELKOPOLSKIE,2022,04,198,1327,495,1119
32,ZACHODNIOPOMORSKIE,2022,01,136,919,363,778
32,ZACHODNIOPOMORSKIE,2022,02,111,741,231,626
32,ZACHODNIOPOMORSKIE,2022,03,99,750,258,689
32,ZACHODNIOPOMORSKIE,2022,04,115,673,250,597
02,DOLNOŚLĄSKIE,2021,01,219,1543,556,1412
02,DOLNOŚLĄSKIE,2021,02,182,1238,465,1126
02,DOLNOŚLĄSKIE,2021,03,288,1574,612,1461
02,DOLNOŚLĄSKIE,2021,04,325,1787,690,1696
02,DOLNOŚLĄSKIE,2021,05,234,1305,552,1184
02,DOLNOŚLĄSKIE,2021,06,198,1103,426,910
02,DOLNOŚLĄSKIE,2021,07,186,1107,415,948
02,DOLNOŚLĄSKIE,2021,08,187,1096,409,856
02,DOLNOŚLĄSKIE,2021,09,206,1113,438,927
02,DOLNOŚLĄSKIE,2021,10,212,1210,441,1010
02,DOLNOŚLĄSKIE,2021,11,207,1554,474,1277
02,DOLNOŚLĄSKIE,2021,12,316,2087,666,1688
04,KUJAWSKO-POMORSKIE,2021,01,173,1222,412,1220
04,KUJAWSKO-POMORSKIE,2021,02,168,970,317,842
04,KUJAWSKO-POMORSKIE,2021,03,168,1197,408,1038
04,KUJAWSKO-POMORSKIE,2021,04,216,1183,413,1114
04,KUJAWSKO-POMORSKIE,2021,05,157,899,352,803
04,KUJAWSKO-POMORSKIE,2021,06,147,704,330,615
04,KUJAWSKO-POMORSKIE,2021,07,132,785,309,633
04,KUJAWSKO-POMORSKIE,2021,08,139,727,299,649
04,KUJAWSKO-POMORSKIE,2021,09,119,762,272,611
04,KUJAWSKO-POMORSKIE,2021,10,138,803,320,717
04,KUJAWSKO-POMORSKIE,2021,11,178,1044,385,882
04,KUJAWSKO-POMORSKIE,2021,12,225,1310,461,1139
06,LUBELSKIE,2021,01,132,1171,398,1069
06,LUBELSKIE,2021,02,130,996,319,842
06,LUBELSKIE,2021,03,141,1141,369,1038
06,LUBELSKIE,2021,04,167,1183,402,1005
06,LUBELSKIE,2021,05,144,945,355,831
06,LUBELSKIE,2021,06,110,860,336,711
06,LUBELSKIE,2021,07,110,853,310,672
06,LUBELSKIE,2021,08,101,802,286,652
06,LUBELSKIE,2021,09,109,824,298,718
06,LUBELSKIE,2021,10,182,1225,426,1009
06,LUBELSKIE,2021,11,228,1799,508,1322
06,LUBELSKIE,2021,12,200,1454,430,1119
08,LUBUSKIE,2021,01,89,530,233,529
08,LUBUSKIE,2021,02,73,485,167,435
08,LUBUSKIE,2021,03,98,593,237,576
08,LUBUSKIE,2021,04,99,568,227,500
08,LUBUSKIE,2021,05,82,415,187,341
08,LUBUSKIE,2021,06,78,361,176,323
08,LUBUSKIE,2021,07,64,362,166,302
08,LUBUSKIE,2021,08,57,342,152,308
08,LUBUSKIE,2021,09,64,350,180,321
08,LUBUSKIE,2021,10,61,403,209,332
08,LUBUSKIE,2021,11,92,476,185,397
08,LUBUSKIE,2021,12,112,660,272,597
10,ŁÓDZKIE,2021,01,234,1607,523,1329
10,ŁÓDZKIE,2021,02,180,1211,457,966
10,ŁÓDZKIE,2021,03,251,1517,497,1297
10,ŁÓDZKIE,2021,04,248,1705,560,1506
10,ŁÓDZKIE,2021,05,212,1342,463,1051
10,ŁÓDZKIE,2021,06,188,1151,420,859
10,ŁÓDZKIE,2021,07,144,1048,408,873
10,ŁÓDZKIE,2021,08,158,1014,402,867
10,ŁÓDZKIE,2021,09,177,1125,376,905
10,ŁÓDZKIE,2021,10,162,1237,410,951
10,ŁÓDZKIE,2021,11,236,1602,502,1246
10,ŁÓDZKIE,2021,12,291,1949,624,1539
12,MAŁOPOLSKIE,2021,01,204,1393,507,1258
12,MAŁOPOLSKIE,2021,02,172,1248,389,1119
12,MAŁOPOLSKIE,2021,03,211,1686,502,1549
12,MAŁOPOLSKIE,2021,04,275,1871,615,1761
12,MAŁOPOLSKIE,2021,05,214,1422,489,1295
12,MAŁOPOLSKIE,2021,06,182,1185,415,987
12,MAŁOPOLSKIE,2021,07,146,1156,453,993
12,MAŁOPOLSKIE,2021,08,164,1134,415,966
12,MAŁOPOLSKIE,2021,09,143,1125,410,1068
12,MAŁOPOLSKIE,2021,10,195,1329,413,1154
12,MAŁOPOLSKIE,2021,11,202,1688,506,1451
12,MAŁOPOLSKIE,2021,12,304,2295,675,1872
14,MAZOWIECKIE,2021,01,388,2948,914,2582
14,MAZOWIECKIE,2021,02,343,2477,811,2163
14,MAZOWIECKIE,2021,03,414,3122,1087,2829
14,MAZOWIECKIE,2021,04,437,3130,1087,2811
14,MAZOWIECKIE,2021,05,372,2365,900,1972
14,MAZOWIECKIE,2021,06,302,2197,764,1752
14,MAZOWIECKIE,2021,07,281,2090,790,1704
14,MAZOWIECKIE,2021,08,260,2052,727,1559
14,MAZOWIECKIE,2021,09,289,2137,712,1705
14,MAZOWIECKIE,2021,10,339,2371,818,2023
14,MAZOWIECKIE,2021,11,450,3247,1043,2669
14,MAZOWIECKIE,2021,12,515,3618,1143,2975
16,OPOLSKIE,2021,01,64,479,177,449
16,OPOLSKIE,2021,02,57,448,141,337
16,OPOLSKIE,2021,03,71,508,212,445
16,OPOLSKIE,2021,04,98,576,208,519
16,OPOLSKIE,2021,05,66,436,164,440
16,OPOLSKIE,2021,06,52,385,145,327
16,OPOLSKIE,2021,07,63,366,120,313
16,OPOLSKIE,2021,08,67,342,150,301
16,OPOLSKIE,2021,09,50,404,140,295
16,OPOLSKIE,2021,10,62,444,144,333
16,OPOLSKIE,2021,11,67,545,191,437
16,OPOLSKIE,2021,12,105,760,254,687
18,PODKARPACKIE,2021,01,103,934,294,831
18,PODKARPACKIE,2021,02,86,838,285,737
18,PODKARPACKIE,2021,03,165,1203,384,1125
18,PODKARPACKIE,2021,04,182,1140,393,1134
18,PODKARPACKIE,2021,05,114,788,284,710
18,PODKARPACKIE,2021,06,109,720,271,619
18,PODKARPACKIE,2021,07,102,680,258,581
18,PODKARPACKIE,2021,08,86,685,280,537
18,PODKARPACKIE,2021,09,93,665,256,619
18,PODKARPACKIE,2021,10,98,854,309,712
18,PODKARPACKIE,2021,11,163,1205,348,1039
18,PODKARPACKIE,2021,12,167,1445,443,1214
20,PODLASKIE,2021,01,106,621,231,605
20,PODLASKIE,2021,02,69,625,199,571
20,PODLASKIE,2021,03,89,645,221,611
20,PODLASKIE,2021,04,86,573,241,519
20,PODLASKIE,2021,05,62,481,188,398
20,PODLASKIE,2021,06,62,447,172,364
20,PODLASKIE,2021,07,62,424,166,375
20,PODLASKIE,2021,08,60,418,160,347
20,PODLASKIE,2021,09,51,456,148,391
20,PODLASKIE,2021,10,74,626,217,554
20,PODLASKIE,2021,11,100,997,294,799
20,PODLASKIE,2021,12,106,779,242,688
22,POMORSKIE,2021,01,209,1200,371,1172
22,POMORSKIE,2021,02,140,946,347,953
22,POMORSKIE,2021,03,184,1141,422,1058
22,POMORSKIE,2021,04,167,1081,424,1050
22,POMORSKIE,2021,05,164,875,364,760
22,POMORSKIE,2021,06,145,813,329,738
22,POMORSKIE,2021,07,145,691,290,695
22,POMORSKIE,2021,08,150,769,293,689
22,POMORSKIE,2021,09,127,813,295,686
22,POMORSKIE,2021,10,123,815,334,796
22,POMORSKIE,2021,11,141,1054,366,915
22,POMORSKIE,2021,12,202,1376,478,1281
24,ŚLĄSKIE,2021,01,362,2339,864,2154
24,ŚLĄSKIE,2021,02,351,1913,691,1802
24,ŚLĄSKIE,2021,03,489,2702,976,2581
24,ŚLĄSKIE,2021,04,530,3014,1187,3140
24,ŚLĄSKIE,2021,05,375,2206,878,2029
24,ŚLĄSKIE,2021,06,343,1833,723,1561
24,ŚLĄSKIE,2021,07,280,1806,708,1479
24,ŚLĄSKIE,2021,08,293,1732,672,1502
24,ŚLĄSKIE,2021,09,303,1793,641,1527
24,ŚLĄSKIE,2021,10,335,1972,656,1693
24,ŚLĄSKIE,2021,11,383,2267,827,2153
24,ŚLĄSKIE,2021,12,508,3364,1148,2993
26,ŚWIĘTOKRZYSKIE,2021,01,78,699,229,553
26,ŚWIĘTOKRZYSKIE,2021,02,69,569,192,544
26,ŚWIĘTOKRZYSKIE,2021,03,85,760,264,786
26,ŚWIĘTOKRZYSKIE,2021,04,130,880,331,773
26,ŚWIĘTOKRZYSKIE,2021,05,77,597,236,573
26,ŚWIĘTOKRZYSKIE,2021,06,69,572,206,475
26,ŚWIĘTOKRZYSKIE,2021,07,61,499,190,426
26,ŚWIĘTOKRZYSKIE,2021,08,70,486,190,437
26,ŚWIĘTOKRZYSKIE,2021,09,61,523,183,455
26,ŚWIĘTOKRZYSKIE,2021,10,92,559,221,485
26,ŚWIĘTOKRZYSKIE,2021,11,89,747,251,632
26,ŚWIĘTOKRZYSKIE,2021,12,127,908,292,763
28,WARMIŃSKO-MAZURSKIE,2021,01,124,843,303,749
28,WARMIŃSKO-MAZURSKIE,2021,02,113,584,240,572
28,WARMIŃSKO-MAZURSKIE,2021,03,131,747,286,752
28,WARMIŃSKO-MAZURSKIE,2021,04,124,701,324,606
28,WARMIŃSKO-MAZURSKIE,2021,05,107,583,245,466
28,WARMIŃSKO-MAZURSKIE,2021,06,92,417,239,414
28,WARMIŃSKO-MAZURSKIE,2021,07,74,498,231,418
28,WARMIŃSKO-MAZURSKIE,2021,08,75,472,205,428
28,WARMIŃSKO-MAZURSKIE,2021,09,76,498,244,392
28,WARMIŃSKO-MAZURSKIE,2021,10,86,525,248,507
28,WARMIŃSKO-MAZURSKIE,2021,11,109,689,259,586
28,WARMIŃSKO-MAZURSKIE,2021,12,115,919,335,769
30,WIELKOPOLSKIE,2021,01,280,1759,641,1652
30,WIELKOPOLSKIE,2021,02,193,1346,526,1220
30,WIELKOPOLSKIE,2021,03,285,1692,620,1531
30,WIELKOPOLSKIE,2021,04,310,1872,680,1832
30,WIELKOPOLSKIE,2021,05,243,1424,512,1294
30,WIELKOPOLSKIE,2021,06,221,1262,487,1041
30,WIELKOPOLSKIE,2021,07,220,1164,510,1016
30,WIELKOPOLSKIE,2021,08,184,1196,438,966
30,WIELKOPOLSKIE,2021,09,197,1129,468,1052
30,WIELKOPOLSKIE,2021,10,204,1336,477,1106
30,WIELKOPOLSKIE,2021,11,223,1580,565,1351
30,WIELKOPOLSKIE,2021,12,338,2204,746,1776
32,ZACHODNIOPOMORSKIE,2021,01,159,1002,356,919
32,ZACHODNIOPOMORSKIE,2021,02,108,737,295,714
32,ZACHODNIOPOMORSKIE,2021,03,158,816,312,757
32,ZACHODNIOPOMORSKIE,2021,04,144,850,373,808
32,ZACHODNIOPOMORSKIE,2021,05,150,746,335,655
32,ZACHODNIOPOMORSKIE,2021,06,126,674,294,598
32,ZACHODNIOPOMORSKIE,2021,07,115,639,264,555
32,ZACHODNIOPOMORSKIE,2021,08,101,619,268,546
32,ZACHODNIOPOMORSKIE,2021,09,133,594,240,521
32,ZACHODNIOPOMORSKIE,2021,10,127,693,305,623
32,ZACHODNIOPOMORSKIE,2021,11,169,886,325,756
32,ZACHODNIOPOMORSKIE,2021,12,171,1113,351,964
02,DOLNOŚLĄSKIE,2020,01,181,1203,495,982
02,DOLNOŚLĄSKIE,2020,02,199,1207,391,990
02,DOLNOŚLĄSKIE,2020,03,184,1150,463,995
02,DOLNOŚLĄSKIE,2020,04,200,1083,451,1011
02,DOLNOŚLĄSKIE,2020,05,194,1049,446,949
02,DOLNOŚLĄSKIE,2020,06,185,1058,390,948
02,DOLNOŚLĄSKIE,2020,07,189,1015,463,939
02,DOLNOŚLĄSKIE,2020,08,195,1094,426,941
02,DOLNOŚLĄSKIE,2020,09,170,1130,423,946
02,DOLNOŚLĄSKIE,2020,10,234,1467,559,1416
02,DOLNOŚLĄSKIE,2020,11,317,2088,707,1989
02,DOLNOŚLĄSKIE,2020,12,247,1741,624,1567
04,KUJAWSKO-POMORSKIE,2020,01,132,788,352,704
04,KUJAWSKO-POMORSKIE,2020,02,142,819,280,609
04,KUJAWSKO-POMORSKIE,2020,03,148,817,312,706
04,KUJAWSKO-POMORSKIE,2020,04,121,728,292,690
04,KUJAWSKO-POMORSKIE,2020,05,120,709,318,625
04,KUJAWSKO-POMORSKIE,2020,06,124,684,282,631
04,KUJAWSKO-POMORSKIE,2020,07,120,740,292,598
04,KUJAWSKO-POMORSKIE,2020,08,130,754,317,649
04,KUJAWSKO-POMORSKIE,2020,09,127,758,296,636
04,KUJAWSKO-POMORSKIE,2020,10,151,964,393,928
04,KUJAWSKO-POMORSKIE,2020,11,203,1252,434,1205
04,KUJAWSKO-POMORSKIE,2020,12,212,1309,433,1291
06,LUBELSKIE,2020,01,106,859,331,727
06,LUBELSKIE,2020,02,111,822,343,680
06,LUBELSKIE,2020,03,108,899,325,768
06,LUBELSKIE,2020,04,115,781,286,669
06,LUBELSKIE,2020,05,114,765,326,701
06,LUBELSKIE,2020,06,99,783,293,659
06,LUBELSKIE,2020,07,114,740,286,621
06,LUBELSKIE,2020,08,123,837,336,616
06,LUBELSKIE,2020,09,112,750,321,677
06,LUBELSKIE,2020,10,143,1176,390,1032
06,LUBELSKIE,2020,11,190,1669,540,1584
06,LUBELSKIE,2020,12,156,1277,452,1234
08,LUBUSKIE,2020,01,83,387,178,362
08,LUBUSKIE,2020,02,63,318,162,308
08,LUBUSKIE,2020,03,74,346,169,347
08,LUBUSKIE,2020,04,78,379,185,300
08,LUBUSKIE,2020,05,54,340,164,315
08,LUBUSKIE,2020,06,60,331,146,271
08,LUBUSKIE,2020,07,79,372,140,307
08,LUBUSKIE,2020,08,63,387,164,321
08,LUBUSKIE,2020,09,77,399,124,306
08,LUBUSKIE,2020,10,75,515,230,495
08,LUBUSKIE,2020,11,97,741,262,702
08,LUBUSKIE,2020,12,79,541,227,592
10,ŁÓDZKIE,2020,01,188,1134,453,909
10,ŁÓDZKIE,2020,02,167,1169,400,908
10,ŁÓDZKIE,2020,03,179,1166,450,918
10,ŁÓDZKIE,2020,04,172,1070,431,818
10,ŁÓDZKIE,2020,05,170,1071,424,852
10,ŁÓDZKIE,2020,06,170,1038,429,848
10,ŁÓDZKIE,2020,07,170,1030,440,893
10,ŁÓDZKIE,2020,08,192,1095,429,877
10,ŁÓDZKIE,2020,09,170,1104,380,855
10,ŁÓDZKIE,2020,10,241,1596,539,1322
10,ŁÓDZKIE,2020,11,280,2031,638,1857
10,ŁÓDZKIE,2020,12,263,1686,555,1442
12,MAŁOPOLSKIE,2020,01,179,1291,461,1066
12,MAŁOPOLSKIE,2020,02,161,1262,413,1043
12,MAŁOPOLSKIE,2020,03,168,1242,445,1102
12,MAŁOPOLSKIE,2020,04,156,1151,448,945
12,MAŁOPOLSKIE,2020,05,171,1126,460,989
12,MAŁOPOLSKIE,2020,06,166,1087,414,932
12,MAŁOPOLSKIE,2020,07,188,1176,465,987
12,MAŁOPOLSKIE,2020,08,166,1194,430,1027
12,MAŁOPOLSKIE,2020,09,182,1227,452,942
12,MAŁOPOLSKIE,2020,10,236,2004,588,1930
12,MAŁOPOLSKIE,2020,11,247,2402,646,2267
12,MAŁOPOLSKIE,2020,12,200,1535,508,1340
14,MAZOWIECKIE,2020,01,307,2228,813,1788
14,MAZOWIECKIE,2020,02,322,2246,752,1818
14,MAZOWIECKIE,2020,03,331,2367,814,1833
14,MAZOWIECKIE,2020,04,303,2161,767,1765
14,MAZOWIECKIE,2020,05,300,2031,781,1652
14,MAZOWIECKIE,2020,06,293,1979,740,1654
14,MAZOWIECKIE,2020,07,320,1947,797,1742
14,MAZOWIECKIE,2020,08,319,2130,781,1715
14,MAZOWIECKIE,2020,09,341,2132,767,1763
14,MAZOWIECKIE,2020,10,358,2908,948,2393
14,MAZOWIECKIE,2020,11,502,3915,1248,3528
14,MAZOWIECKIE,2020,12,417,3267,1073,2847
16,OPOLSKIE,2020,01,50,401,148,383
16,OPOLSKIE,2020,02,69,390,133,315
16,OPOLSKIE,2020,03,68,396,150,324
16,OPOLSKIE,2020,04,54,397,134,321
16,OPOLSKIE,2020,05,54,344,148,338
16,OPOLSKIE,2020,06,53,356,135,318
16,OPOLSKIE,2020,07,71,346,138,317
16,OPOLSKIE,2020,08,63,393,147,337
16,OPOLSKIE,2020,09,43,364,120,348
16,OPOLSKIE,2020,10,70,579,180,523
16,OPOLSKIE,2020,11,100,711,236,837
16,OPOLSKIE,2020,12,90,621,199,547
18,PODKARPACKIE,2020,01,93,694,259,657
18,PODKARPACKIE,2020,02,76,669,248,657
18,PODKARPACKIE,2020,03,105,726,269,682
18,PODKARPACKIE,2020,04,98,692,236,596
18,PODKARPACKIE,2020,05,96,659,241,590
18,PODKARPACKIE,2020,06,96,686,275,600
18,PODKARPACKIE,2020,07,96,656,276,584
18,PODKARPACKIE,2020,08,90,693,279,630
18,PODKARPACKIE,2020,09,91,671,242,616
18,PODKARPACKIE,2020,10,132,1215,379,1186
18,PODKARPACKIE,2020,11,161,1473,474,1488
18,PODKARPACKIE,2020,12,130,1065,373,979
20,PODLASKIE,2020,01,57,485,170,406
20,PODLASKIE,2020,02,61,440,169,410
20,PODLASKIE,2020,03,61,531,162,409
20,PODLASKIE,2020,04,47,411,175,381
20,PODLASKIE,2020,05,71,407,176,371
20,PODLASKIE,2020,06,37,434,149,332
20,PODLASKIE,2020,07,66,394,172,392
20,PODLASKIE,2020,08,56,391,175,337
20,PODLASKIE,2020,09,60,430,174,373
20,PODLASKIE,2020,10,79,616,241,543
20,PODLASKIE,2020,11,86,855,284,801
20,PODLASKIE,2020,12,76,670,258,605
22,POMORSKIE,2020,01,151,800,323,749
22,POMORSKIE,2020,02,120,834,321,721
22,POMORSKIE,2020,03,144,818,334,743
22,POMORSKIE,2020,04,142,727,299,634
22,POMORSKIE,2020,05,104,688,340,697
22,POMORSKIE,2020,06,134,722,312,647
22,POMORSKIE,2020,07,137,740,323,649
22,POMORSKIE,2020,08,137,747,328,678
22,POMORSKIE,2020,09,128,761,334,729
22,POMORSKIE,2020,10,145,1042,357,994
22,POMORSKIE,2020,11,189,1325,428,1363
22,POMORSKIE,2020,12,162,1184,444,1223
24,ŚLĄSKIE,2020,01,318,1932,743,1687
24,ŚLĄSKIE,2020,02,339,1895,724,1644
24,ŚLĄSKIE,2020,03,382,2002,722,1619
24,ŚLĄSKIE,2020,04,315,1789,692,1491
24,ŚLĄSKIE,2020,05,346,1702,787,1516
24,ŚLĄSKIE,2020,06,310,1659,643,1482
24,ŚLĄSKIE,2020,07,312,1701,704,1526
24,ŚLĄSKIE,2020,08,342,1816,718,1633
24,ŚLĄSKIE,2020,09,309,1720,703,1559
24,ŚLĄSKIE,2020,10,394,2557,893,2424
24,ŚLĄSKIE,2020,11,455,3053,1070,3160
24,ŚLĄSKIE,2020,12,416,2511,936,2367
26,ŚWIĘTOKRZYSKIE,2020,01,69,522,191,480
26,ŚWIĘTOKRZYSKIE,2020,02,64,539,203,473
26,ŚWIĘTOKRZYSKIE,2020,03,92,607,214,504
26,ŚWIĘTOKRZYSKIE,2020,04,63,492,179,460
26,ŚWIĘTOKRZYSKIE,2020,05,80,474,196,441
26,ŚWIĘTOKRZYSKIE,2020,06,80,484,205,417
26,ŚWIĘTOKRZYSKIE,2020,07,77,467,184,407
26,ŚWIĘTOKRZYSKIE,2020,08,71,453,213,433
26,ŚWIĘTOKRZYSKIE,2020,09,53,492,216,427
26,ŚWIĘTOKRZYSKIE,2020,10,117,835,273,782
26,ŚWIĘTOKRZYSKIE,2020,11,106,991,282,1002
26,ŚWIĘTOKRZYSKIE,2020,12,85,768,294,701
28,WARMIŃSKO-MAZURSKIE,2020,01,88,484,226,447
28,WARMIŃSKO-MAZURSKIE,2020,02,73,464,207,382
28,WARMIŃSKO-MAZURSKIE,2020,03,97,538,210,432
28,WARMIŃSKO-MAZURSKIE,2020,04,82,492,228,400
28,WARMIŃSKO-MAZURSKIE,2020,05,113,461,218,439
28,WARMIŃSKO-MAZURSKIE,2020,06,80,456,199,379
28,WARMIŃSKO-MAZURSKIE,2020,07,100,451,229,436
28,WARMIŃSKO-MAZURSKIE,2020,08,105,459,253,419
28,WARMIŃSKO-MAZURSKIE,2020,09,90,473,215,415
28,WARMIŃSKO-MAZURSKIE,2020,10,93,610,282,580
28,WARMIŃSKO-MAZURSKIE,2020,11,128,895,288,800
28,WARMIŃSKO-MAZURSKIE,2020,12,109,912,323,834
30,WIELKOPOLSKIE,2020,01,220,1297,505,1095
30,WIELKOPOLSKIE,2020,02,177,1209,459,1023
30,WIELKOPOLSKIE,2020,03,202,1244,442,1108
30,WIELKOPOLSKIE,2020,04,218,1186,447,1052
30,WIELKOPOLSKIE,2020,05,209,1182,474,975
30,WIELKOPOLSKIE,2020,06,213,1117,476,920
30,WIELKOPOLSKIE,2020,07,197,1089,461,1055
30,WIELKOPOLSKIE,2020,08,199,1184,521,1046
30,WIELKOPOLSKIE,2020,09,189,1188,477,1033
30,WIELKOPOLSKIE,2020,10,283,1649,584,1500
30,WIELKOPOLSKIE,2020,11,343,2122,766,2120
30,WIELKOPOLSKIE,2020,12,294,1840,755,1938
32,ZACHODNIOPOMORSKIE,2020,01,114,645,306,593
32,ZACHODNIOPOMORSKIE,2020,02,111,606,257,571
32,ZACHODNIOPOMORSKIE,2020,03,128,649,271,578
32,ZACHODNIOPOMORSKIE,2020,04,117,582,294,558
32,ZACHODNIOPOMORSKIE,2020,05,109,554,281,532
32,ZACHODNIOPOMORSKIE,2020,06,94,600,277,499
32,ZACHODNIOPOMORSKIE,2020,07,124,586,282,538
32,ZACHODNIOPOMORSKIE,2020,08,110,643,274,615
32,ZACHODNIOPOMORSKIE,2020,09,123,567,283,530
32,ZACHODNIOPOMORSKIE,2020,10,102,747,331,698
32,ZACHODNIOPOMORSKIE,2020,11,149,1016,363,937
32,ZACHODNIOPOMORSKIE,2020,12,155,1043,405,1033
02,DOLNOŚLĄSKIE,2019,01,228,1239,534,1000
02,DOLNOŚLĄSKIE,2019,02,236,1273,491,970
02,DOLNOŚLĄSKIE,2019,03,199,1194,489,1000
02,DOLNOŚLĄSKIE,2019,04,189,1080,436,930
02,DOLNOŚLĄSKIE,2019,05,185,1066,448,883
02,DOLNOŚLĄSKIE,2019,06,201,1046,486,847
02,DOLNOŚLĄSKIE,2019,07,195,1094,453,835
02,DOLNOŚLĄSKIE,2019,08,226,1069,421,868
02,DOLNOŚLĄSKIE,2019,09,168,1004,436,851
02,DOLNOŚLĄSKIE,2019,10,195,1137,460,911
02,DOLNOŚLĄSKIE,2019,11,192,1056,450,930
02,DOLNOŚLĄSKIE,2019,12,191,1164,489,973
04,KUJAWSKO-POMORSKIE,2019,01,167,816,334,711
04,KUJAWSKO-POMORSKIE,2019,02,132,787,342,657
04,KUJAWSKO-POMORSKIE,2019,03,140,845,303,689
04,KUJAWSKO-POMORSKIE,2019,04,148,772,291,638
04,KUJAWSKO-POMORSKIE,2019,05,164,733,311,638
04,KUJAWSKO-POMORSKIE,2019,06,130,698,289,613
04,KUJAWSKO-POMORSKIE,2019,07,151,701,311,624
04,KUJAWSKO-POMORSKIE,2019,08,164,665,329,555
04,KUJAWSKO-POMORSKIE,2019,09,124,676,280,546
04,KUJAWSKO-POMORSKIE,2019,10,156,720,303,646
04,KUJAWSKO-POMORSKIE,2019,11,135,711,314,629
04,KUJAWSKO-POMORSKIE,2019,12,135,758,335,653
06,LUBELSKIE,2019,01,125,941,321,774
06,LUBELSKIE,2019,02,132,877,304,719
06,LUBELSKIE,2019,03,120,834,331,675
06,LUBELSKIE,2019,04,101,754,317,650
06,LUBELSKIE,2019,05,99,738,327,682
06,LUBELSKIE,2019,06,104,776,309,655
06,LUBELSKIE,2019,07,103,767,314,636
06,LUBELSKIE,2019,08,92,737,324,597
06,LUBELSKIE,2019,09,117,724,297,594
06,LUBELSKIE,2019,10,110,777,309,655
06,LUBELSKIE,2019,11,122,759,309,670
06,LUBELSKIE,2019,12,108,867,350,699
08,LUBUSKIE,2019,01,71,377,170,356
08,LUBUSKIE,2019,02,58,425,160,357
08,LUBUSKIE,2019,03,71,375,170,302
08,LUBUSKIE,2019,04,85,328,141,301
08,LUBUSKIE,2019,05,70,337,175,291
08,LUBUSKIE,2019,06,75,350,178,295
08,LUBUSKIE,2019,07,92,318,148,325
08,LUBUSKIE,2019,08,70,312,186,291
08,LUBUSKIE,2019,09,59,356,158,301
08,LUBUSKIE,2019,10,71,354,176,347
08,LUBUSKIE,2019,11,69,342,167,339
08,LUBUSKIE,2019,12,85,428,213,350
10,ŁÓDZKIE,2019,01,211,1236,469,995
10,ŁÓDZKIE,2019,02,172,1227,400,909
10,ŁÓDZKIE,2019,03,174,1092,452,880
10,ŁÓDZKIE,2019,04,179,1009,463,831
10,ŁÓDZKIE,2019,05,181,983,428,803
10,ŁÓDZKIE,2019,06,162,1077,413,812
10,ŁÓDZKIE,2019,07,152,1107,408,854
10,ŁÓDZKIE,2019,08,182,1009,386,788
10,ŁÓDZKIE,2019,09,169,976,389,756
10,ŁÓDZKIE,2019,10,185,1060,448,819
10,ŁÓDZKIE,2019,11,159,982,408,803
10,ŁÓDZKIE,2019,12,191,1113,448,901
12,MAŁOPOLSKIE,2019,01,210,1415,485,1206
12,MAŁOPOLSKIE,2019,02,177,1334,420,1052
12,MAŁOPOLSKIE,2019,03,162,1243,449,1024
12,MAŁOPOLSKIE,2019,04,158,1181,422,939
12,MAŁOPOLSKIE,2019,05,166,1096,439,897
12,MAŁOPOLSKIE,2019,06,161,1094,447,992
12,MAŁOPOLSKIE,2019,07,178,1119,417,918
12,MAŁOPOLSKIE,2019,08,162,1037,397,863
12,MAŁOPOLSKIE,2019,09,153,1070,443,904
12,MAŁOPOLSKIE,2019,10,164,1222,438,1037
12,MAŁOPOLSKIE,2019,11,159,1112,416,917
12,MAŁOPOLSKIE,2019,12,175,1255,462,1060
14,MAZOWIECKIE,2019,01,376,2311,924,1938
14,MAZOWIECKIE,2019,02,330,2182,759,1717
14,MAZOWIECKIE,2019,03,366,2224,838,1826
14,MAZOWIECKIE,2019,04,319,2196,760,1664
14,MAZOWIECKIE,2019,05,326,1983,753,1740
14,MAZOWIECKIE,2019,06,337,1964,793,1567
14,MAZOWIECKIE,2019,07,297,1905,789,1592
14,MAZOWIECKIE,2019,08,292,1875,803,1479
14,MAZOWIECKIE,2019,09,296,1855,766,1554
14,MAZOWIECKIE,2019,10,342,2090,755,1656
14,MAZOWIECKIE,2019,11,294,1931,763,1676
14,MAZOWIECKIE,2019,12,364,2240,801,1805
16,OPOLSKIE,2019,01,64,460,148,389
16,OPOLSKIE,2019,02,49,455,149,334
16,OPOLSKIE,2019,03,64,406,142,309
16,OPOLSKIE,2019,04,62,362,141,298
16,OPOLSKIE,2019,05,61,330,156,294
16,OPOLSKIE,2019,06,59,349,143,277
16,OPOLSKIE,2019,07,54,354,131,297
16,OPOLSKIE,2019,08,43,357,116,302
16,OPOLSKIE,2019,09,45,355,136,299
16,OPOLSKIE,2019,10,49,367,124,353
16,OPOLSKIE,2019,11,57,367,147,307
16,OPOLSKIE,2019,12,60,395,143,318
18,PODKARPACKIE,2019,01,126,831,330,750
18,PODKARPACKIE,2019,02,87,771,267,643
18,PODKARPACKIE,2019,03,92,775,267,633
18,PODKARPACKIE,2019,04,90,671,283,585
18,PODKARPACKIE,2019,05,86,655,264,599
18,PODKARPACKIE,2019,06,92,633,245,555
18,PODKARPACKIE,2019,07,88,651,248,604
18,PODKARPACKIE,2019,08,94,654,239,537
18,PODKARPACKIE,2019,09,80,643,248,530
18,PODKARPACKIE,2019,10,96,656,261,558
18,PODKARPACKIE,2019,11,100,663,282,599
18,PODKARPACKIE,2019,12,87,733,308,617
20,PODLASKIE,2019,01,74,512,192,416
20,PODLASKIE,2019,02,50,493,169,407
20,PODLASKIE,2019,03,66,434,184,365
20,PODLASKIE,2019,04,68,434,169,393
20,PODLASKIE,2019,05,65,451,206,351
20,PODLASKIE,2019,06,52,408,181,397
20,PODLASKIE,2019,07,72,384,182,359
20,PODLASKIE,2019,08,61,353,178,332
20,PODLASKIE,2019,09,47,417,155,355
20,PODLASKIE,2019,10,54,405,162,367
20,PODLASKIE,2019,11,61,421,124,354
20,PODLASKIE,2019,12,43,422,186,374
22,POMORSKIE,2019,01,172,903,322,729
22,POMORSKIE,2019,02,145,823,324,734
22,POMORSKIE,2019,03,135,792,327,705
22,POMORSKIE,2019,04,139,746,321,642
22,POMORSKIE,2019,05,141,781,314,653
22,POMORSKIE,2019,06,153,693,300,643
22,POMORSKIE,2019,07,145,718,285,670
22,POMORSKIE,2019,08,137,682,323,667
22,POMORSKIE,2019,09,123,718,302,638
22,POMORSKIE,2019,10,120,787,333,659
22,POMORSKIE,2019,11,131,769,326,633
22,POMORSKIE,2019,12,152,797,311,692
24,ŚLĄSKIE,2019,01,396,2067,891,1686
24,ŚLĄSKIE,2019,02,381,1891,819,1603
24,ŚLĄSKIE,2019,03,348,1925,682,1541
24,ŚLĄSKIE,2019,04,310,1719,679,1418
24,ŚLĄSKIE,2019,05,330,1704,696,1490
24,ŚLĄSKIE,2019,06,338,1668,719,1478
24,ŚLĄSKIE,2019,07,310,1695,736,1439
24,ŚLĄSKIE,2019,08,323,1565,710,1439
24,ŚLĄSKIE,2019,09,338,1604,684,1373
24,ŚLĄSKIE,2019,10,332,1749,648,1540
24,ŚLĄSKIE,2019,11,318,1748,662,1414
24,ŚLĄSKIE,2019,12,345,1836,741,1569
26,ŚWIĘTOKRZYSKIE,2019,01,74,572,211,485
26,ŚWIĘTOKRZYSKIE,2019,02,74,568,227,436
26,ŚWIĘTOKRZYSKIE,2019,03,77,521,226,450
26,ŚWIĘTOKRZYSKIE,2019,04,55,483,181,428
26,ŚWIĘTOKRZYSKIE,2019,05,62,498,218,441
26,ŚWIĘTOKRZYSKIE,2019,06,90,490,188,435
26,ŚWIĘTOKRZYSKIE,2019,07,72,454,191,398
26,ŚWIĘTOKRZYSKIE,2019,08,82,413,192,419
26,ŚWIĘTOKRZYSKIE,2019,09,63,474,184,394
26,ŚWIĘTOKRZYSKIE,2019,10,50,541,212,442
26,ŚWIĘTOKRZYSKIE,2019,11,68,491,179,396
26,ŚWIĘTOKRZYSKIE,2019,12,78,534,213,458
28,WARMIŃSKO-MAZURSKIE,2019,01,94,554,245,464
28,WARMIŃSKO-MAZURSKIE,2019,02,105,499,246,397
28,WARMIŃSKO-MAZURSKIE,2019,03,111,497,237,455
28,WARMIŃSKO-MAZURSKIE,2019,04,92,491,223,379
28,WARMIŃSKO-MAZURSKIE,2019,05,83,478,257,418
28,WARMIŃSKO-MAZURSKIE,2019,06,91,468,258,426
28,WARMIŃSKO-MAZURSKIE,2019,07,96,465,258,396
28,WARMIŃSKO-MAZURSKIE,2019,08,92,465,238,406
28,WARMIŃSKO-MAZURSKIE,2019,09,91,441,232,387
28,WARMIŃSKO-MAZURSKIE,2019,10,102,507,234,396
28,WARMIŃSKO-MAZURSKIE,2019,11,82,448,215,365
28,WARMIŃSKO-MAZURSKIE,2019,12,111,472,212,419
30,WIELKOPOLSKIE,2019,01,230,1323,594,1106
30,WIELKOPOLSKIE,2019,02,201,1231,458,1081
30,WIELKOPOLSKIE,2019,03,234,1290,514,1034
30,WIELKOPOLSKIE,2019,04,215,1120,499,984
30,WIELKOPOLSKIE,2019,05,237,1062,467,916
30,WIELKOPOLSKIE,2019,06,218,1164,462,919
30,WIELKOPOLSKIE,2019,07,188,1077,474,963
30,WIELKOPOLSKIE,2019,08,196,1113,484,975
30,WIELKOPOLSKIE,2019,09,204,1093,450,1020
30,WIELKOPOLSKIE,2019,10,218,1148,441,1029
30,WIELKOPOLSKIE,2019,11,222,1074,438,987
30,WIELKOPOLSKIE,2019,12,210,1255,502,1089
32,ZACHODNIOPOMORSKIE,2019,01,101,648,261,551
32,ZACHODNIOPOMORSKIE,2019,02,115,651,284,527
32,ZACHODNIOPOMORSKIE,2019,03,129,710,278,570
32,ZACHODNIOPOMORSKIE,2019,04,127,619,258,531
32,ZACHODNIOPOMORSKIE,2019,05,100,573,256,482
32,ZACHODNIOPOMORSKIE,2019,06,128,620,253,501
32,ZACHODNIOPOMORSKIE,2019,07,114,579,279,476
32,ZACHODNIOPOMORSKIE,2019,08,118,589,260,524
32,ZACHODNIOPOMORSKIE,2019,09,105,603,265,493
32,ZACHODNIOPOMORSKIE,2019,10,132,609,298,554
32,ZACHODNIOPOMORSKIE,2019,11,104,597,250,489
32,ZACHODNIOPOMORSKIE,2019,12,114,669,275,591
02,DOLNOŚLĄSKIE,2018,01,199,1072,491,820
02,DOLNOŚLĄSKIE,2018,02,182,998,461,841
02,DOLNOŚLĄSKIE,2018,03,222,1218,442,988
02,DOLNOŚLĄSKIE,2018,04,191,988,397,792
02,DOLNOŚLĄSKIE,2018,05,215,1064,457,871
02,DOLNOŚLĄSKIE,2018,06,194,971,414,834
02,DOLNOŚLĄSKIE,2018,07,208,1049,498,881
02,DOLNOŚLĄSKIE,2018,08,196,1059,515,785
02,DOLNOŚLĄSKIE,2018,09,195,980,455,782
02,DOLNOŚLĄSKIE,2018,10,218,1123,515,854
02,DOLNOŚLĄSKIE,2018,11,196,1055,464,880
02,DOLNOŚLĄSKIE,2018,12,227,1163,508,986
04,KUJAWSKO-POMORSKIE,2018,01,154,728,301,715
04,KUJAWSKO-POMORSKIE,2018,02,124,801,300,646
04,KUJAWSKO-POMORSKIE,2018,03,161,880,289,630
04,KUJAWSKO-POMORSKIE,2018,04,111,748,318,558
04,KUJAWSKO-POMORSKIE,2018,05,140,670,303,557
04,KUJAWSKO-POMORSKIE,2018,06,138,648,283,540
04,KUJAWSKO-POMORSKIE,2018,07,136,695,323,612
04,KUJAWSKO-POMORSKIE,2018,08,146,704,335,619
04,KUJAWSKO-POMORSKIE,2018,09,132,677,309,577
04,KUJAWSKO-POMORSKIE,2018,10,132,696,305,629
04,KUJAWSKO-POMORSKIE,2018,11,132,727,308,634
04,KUJAWSKO-POMORSKIE,2018,12,160,761,338,626
06,LUBELSKIE,2018,01,115,963,334,740
06,LUBELSKIE,2018,02,104,847,300,732
06,LUBELSKIE,2018,03,118,763,286,621
06,LUBELSKIE,2018,04,127,694,299,607
06,LUBELSKIE,2018,05,108,713,354,678
06,LUBELSKIE,2018,06,102,673,311,628
06,LUBELSKIE,2018,07,127,794,294,596
06,LUBELSKIE,2018,08,111,720,364,613
06,LUBELSKIE,2018,09,105,725,286,625
06,LUBELSKIE,2018,10,112,799,359,647
06,LUBELSKIE,2018,11,98,808,325,664
06,LUBELSKIE,2018,12,109,860,363,698
08,LUBUSKIE,2018,01,74,334,170,301
08,LUBUSKIE,2018,02,73,399,156,283
08,LUBUSKIE,2018,03,86,446,171,327
08,LUBUSKIE,2018,04,56,345,139,263
08,LUBUSKIE,2018,05,69,334,183,250
08,LUBUSKIE,2018,06,66,305,160,268
08,LUBUSKIE,2018,07,62,310,157,296
08,LUBUSKIE,2018,08,65,299,172,273
08,LUBUSKIE,2018,09,78,309,188,294
08,LUBUSKIE,2018,10,76,350,162,321
08,LUBUSKIE,2018,11,84,334,162,277
08,LUBUSKIE,2018,12,76,410,179,311
10,ŁÓDZKIE,2018,01,157,997,431,756
10,ŁÓDZKIE,2018,02,190,1053,436,860
10,ŁÓDZKIE,2018,03,198,1185,458,918
10,ŁÓDZKIE,2018,04,183,1010,395,744
10,ŁÓDZKIE,2018,05,194,1029,432,783
10,ŁÓDZKIE,2018,06,179,944,420,771
10,ŁÓDZKIE,2018,07,181,960,444,832
10,ŁÓDZKIE,2018,08,185,1047,429,797
10,ŁÓDZKIE,2018,09,179,993,439,764
10,ŁÓDZKIE,2018,10,203,1083,436,791
10,ŁÓDZKIE,2018,11,169,1042,414,854
10,ŁÓDZKIE,2018,12,184,1112,460,865
12,MAŁOPOLSKIE,2018,01,147,1072,386,887
12,MAŁOPOLSKIE,2018,02,178,1287,398,969
12,MAŁOPOLSKIE,2018,03,157,1100,412,927
12,MAŁOPOLSKIE,2018,04,174,945,379,806
12,MAŁOPOLSKIE,2018,05,172,1054,443,917
12,MAŁOPOLSKIE,2018,06,177,1066,434,906
12,MAŁOPOLSKIE,2018,07,177,1055,419,949
12,MAŁOPOLSKIE,2018,08,159,1018,430,851
12,MAŁOPOLSKIE,2018,09,168,1060,407,893
12,MAŁOPOLSKIE,2018,10,150,1105,408,1013
12,MAŁOPOLSKIE,2018,11,158,1114,423,881
12,MAŁOPOLSKIE,2018,12,174,1237,454,1072
14,MAZOWIECKIE,2018,01,316,2042,805,1679
14,MAZOWIECKIE,2018,02,314,2080,704,1561
14,MAZOWIECKIE,2018,03,318,2190,779,1647
14,MAZOWIECKIE,2018,04,310,1860,711,1536
14,MAZOWIECKIE,2018,05,271,1952,800,1633
14,MAZOWIECKIE,2018,06,295,1793,774,1481
14,MAZOWIECKIE,2018,07,333,2016,832,1537
14,MAZOWIECKIE,2018,08,305,1821,787,1538
14,MAZOWIECKIE,2018,09,341,1855,745,1516
14,MAZOWIECKIE,2018,10,344,2102,827,1700
14,MAZOWIECKIE,2018,11,311,1945,799,1672
14,MAZOWIECKIE,2018,12,371,2306,866,1826
16,OPOLSKIE,2018,01,67,372,141,305
16,OPOLSKIE,2018,02,58,413,131,284
16,OPOLSKIE,2018,03,56,407,140,336
16,OPOLSKIE,2018,04,45,342,114,269
16,OPOLSKIE,2018,05,50,334,132,313
16,OPOLSKIE,2018,06,57,307,141,262
16,OPOLSKIE,2018,07,62,335,144,289
16,OPOLSKIE,2018,08,57,355,121,321
16,OPOLSKIE,2018,09,52,346,124,253
16,OPOLSKIE,2018,10,53,349,143,335
16,OPOLSKIE,2018,11,62,376,147,305
16,OPOLSKIE,2018,12,60,372,142,290
18,PODKARPACKIE,2018,01,73,640,241,540
18,PODKARPACKIE,2018,02,81,657,238,527
18,PODKARPACKIE,2018,03,88,655,228,546
18,PODKARPACKIE,2018,04,82,599,234,542
18,PODKARPACKIE,2018,05,89,644,256,523
18,PODKARPACKIE,2018,06,101,594,231,546
18,PODKARPACKIE,2018,07,88,644,252,549
18,PODKARPACKIE,2018,08,86,577,270,512
18,PODKARPACKIE,2018,09,88,613,255,490
18,PODKARPACKIE,2018,10,90,699,262,639
18,PODKARPACKIE,2018,11,90,673,249,602
18,PODKARPACKIE,2018,12,108,755,254,640
20,PODLASKIE,2018,01,63,458,174,400
20,PODLASKIE,2018,02,63,485,170,427
20,PODLASKIE,2018,03,53,484,155,401
20,PODLASKIE,2018,04,52,388,178,372
20,PODLASKIE,2018,05,60,412,171,356
20,PODLASKIE,2018,06,55,371,146,321
20,PODLASKIE,2018,07,60,414,167,339
20,PODLASKIE,2018,08,60,368,179,328
20,PODLASKIE,2018,09,61,380,152,336
20,PODLASKIE,2018,10,74,424,175,380
20,PODLASKIE,2018,11,72,402,189,351
20,PODLASKIE,2018,12,64,422,199,399
22,POMORSKIE,2018,01,135,803,288,668
22,POMORSKIE,2018,02,131,694,282,639
22,POMORSKIE,2018,03,147,835,291,681
22,POMORSKIE,2018,04,128,674,310,548
22,POMORSKIE,2018,05,115,698,324,607
22,POMORSKIE,2018,06,133,730,284,566
22,POMORSKIE,2018,07,133,699,344,666
22,POMORSKIE,2018,08,142,711,297,615
22,POMORSKIE,2018,09,147,683,311,590
22,POMORSKIE,2018,10,154,732,339,656
22,POMORSKIE,2018,11,143,680,319,619
22,POMORSKIE,2018,12,148,817,302,701
24,ŚLĄSKIE,2018,01,324,1604,706,1363
24,ŚLĄSKIE,2018,02,333,1761,695,1523
24,ŚLĄSKIE,2018,03,326,1866,728,1555
24,ŚLĄSKIE,2018,04,325,1521,685,1342
24,ŚLĄSKIE,2018,05,336,1642,700,1347
24,ŚLĄSKIE,2018,06,310,1531,709,1318
24,ŚLĄSKIE,2018,07,333,1672,755,1414
24,ŚLĄSKIE,2018,08,338,1567,677,1313
24,ŚLĄSKIE,2018,09,330,1577,746,1412
24,ŚLĄSKIE,2018,10,392,1735,742,1530
24,ŚLĄSKIE,2018,11,351,1629,739,1488
24,ŚLĄSKIE,2018,12,343,1879,759,1490
26,ŚWIĘTOKRZYSKIE,2018,01,61,475,183,398
26,ŚWIĘTOKRZYSKIE,2018,02,70,537,165,439
26,ŚWIĘTOKRZYSKIE,2018,03,67,544,220,447
26,ŚWIĘTOKRZYSKIE,2018,04,68,434,180,405
26,ŚWIĘTOKRZYSKIE,2018,05,83,453,174,422
26,ŚWIĘTOKRZYSKIE,2018,06,68,454,187,384
26,ŚWIĘTOKRZYSKIE,2018,07,62,450,217,392
26,ŚWIĘTOKRZYSKIE,2018,08,79,446,198,390
26,ŚWIĘTOKRZYSKIE,2018,09,87,450,175,383
26,ŚWIĘTOKRZYSKIE,2018,10,74,476,223,431
26,ŚWIĘTOKRZYSKIE,2018,11,80,441,218,427
26,ŚWIĘTOKRZYSKIE,2018,12,73,581,213,490
28,WARMIŃSKO-MAZURSKIE,2018,01,84,427,211,366
28,WARMIŃSKO-MAZURSKIE,2018,02,93,464,216,426
28,WARMIŃSKO-MAZURSKIE,2018,03,92,541,201,441
28,WARMIŃSKO-MAZURSKIE,2018,04,62,475,244,397
28,WARMIŃSKO-MAZURSKIE,2018,05,88,485,222,409
28,WARMIŃSKO-MAZURSKIE,2018,06,73,431,233,336
28,WARMIŃSKO-MAZURSKIE,2018,07,82,449,244,418
28,WARMIŃSKO-MAZURSKIE,2018,08,88,477,261,375
28,WARMIŃSKO-MAZURSKIE,2018,09,71,397,230,370
28,WARMIŃSKO-MAZURSKIE,2018,10,107,456,238,402
28,WARMIŃSKO-MAZURSKIE,2018,11,77,412,212,364
28,WARMIŃSKO-MAZURSKIE,2018,12,83,505,255,444
30,WIELKOPOLSKIE,2018,01,212,1155,472,910
30,WIELKOPOLSKIE,2018,02,215,1175,477,1026
30,WIELKOPOLSKIE,2018,03,243,1301,481,1026
30,WIELKOPOLSKIE,2018,04,176,993,380,878
30,WIELKOPOLSKIE,2018,05,214,1186,493,962
30,WIELKOPOLSKIE,2018,06,208,1040,444,908
30,WIELKOPOLSKIE,2018,07,212,1111,446,923
30,WIELKOPOLSKIE,2018,08,215,1085,509,951
30,WIELKOPOLSKIE,2018,09,195,1052,445,931
30,WIELKOPOLSKIE,2018,10,225,1162,530,991
30,WIELKOPOLSKIE,2018,11,219,1138,469,953
30,WIELKOPOLSKIE,2018,12,251,1248,526,1105
32,ZACHODNIOPOMORSKIE,2018,01,121,543,250,488
32,ZACHODNIOPOMORSKIE,2018,02,116,584,225,486
32,ZACHODNIOPOMORSKIE,2018,03,115,724,292,550
32,ZACHODNIOPOMORSKIE,2018,04,110,611,232,454
32,ZACHODNIOPOMORSKIE,2018,05,119,575,233,483
32,ZACHODNIOPOMORSKIE,2018,06,132,501,267,474
32,ZACHODNIOPOMORSKIE,2018,07,118,550,302,535
32,ZACHODNIOPOMORSKIE,2018,08,118,565,276,479
32,ZACHODNIOPOMORSKIE,2018,09,117,560,254,484
32,ZACHODNIOPOMORSKIE,2018,10,105,601,252,524
32,ZACHODNIOPOMORSKIE,2018,11,135,552,259,501
32,ZACHODNIOPOMORSKIE,2018,12,131,657,306,535
02,DOLNOŚLĄSKIE,2017,01,269,1522,548,1118
02,DOLNOŚLĄSKIE,2017,02,225,1305,458,987
02,DOLNOŚLĄSKIE,2017,03,208,1042,463,846
02,DOLNOŚLĄSKIE,2017,04,206,952,445,776
02,DOLNOŚLĄSKIE,2017,05,188,981,502,748
02,DOLNOŚLĄSKIE,2017,06,197,863,468,720
02,DOLNOŚLĄSKIE,2017,07,191,964,439,767
02,DOLNOŚLĄSKIE,2017,08,217,986,499,820
02,DOLNOŚLĄSKIE,2017,09,200,940,436,769
02,DOLNOŚLĄSKIE,2017,10,181,1076,483,853
02,DOLNOŚLĄSKIE,2017,11,179,942,432,804
02,DOLNOŚLĄSKIE,2017,12,197,1019,449,819
04,KUJAWSKO-POMORSKIE,2017,01,170,847,339,644
04,KUJAWSKO-POMORSKIE,2017,02,169,908,291,690
04,KUJAWSKO-POMORSKIE,2017,03,137,762,294,586
04,KUJAWSKO-POMORSKIE,2017,04,108,674,285,550
04,KUJAWSKO-POMORSKIE,2017,05,159,653,298,573
04,KUJAWSKO-POMORSKIE,2017,06,102,576,244,478
04,KUJAWSKO-POMORSKIE,2017,07,169,639,311,537
04,KUJAWSKO-POMORSKIE,2017,08,151,638,313,566
04,KUJAWSKO-POMORSKIE,2017,09,116,608,299,533
04,KUJAWSKO-POMORSKIE,2017,10,131,699,318,539
04,KUJAWSKO-POMORSKIE,2017,11,132,635,271,548
04,KUJAWSKO-POMORSKIE,2017,12,160,626,317,602
06,LUBELSKIE,2017,01,132,1157,384,919
06,LUBELSKIE,2017,02,105,868,311,669
06,LUBELSKIE,2017,03,97,884,317,676
06,LUBELSKIE,2017,04,100,750,296,589
06,LUBELSKIE,2017,05,114,766,293,624
06,LUBELSKIE,2017,06,102,738,266,560
06,LUBELSKIE,2017,07,105,692,326,578
06,LUBELSKIE,2017,08,121,681,310,598
06,LUBELSKIE,2017,09,116,670,326,591
06,LUBELSKIE,2017,10,116,794,338,660
06,LUBELSKIE,2017,11,101,723,334,596
06,LUBELSKIE,2017,12,108,772,312,561
08,LUBUSKIE,2017,01,72,432,214,318
08,LUBUSKIE,2017,02,68,435,153,293
08,LUBUSKIE,2017,03,71,321,156,285
08,LUBUSKIE,2017,04,61,297,173,231
08,LUBUSKIE,2017,05,81,285,170,257
08,LUBUSKIE,2017,06,51,285,163,224
08,LUBUSKIE,2017,07,75,289,164,250
08,LUBUSKIE,2017,08,66,297,162,249
08,LUBUSKIE,2017,09,71,331,161,257
08,LUBUSKIE,2017,10,79,332,182,309
08,LUBUSKIE,2017,11,69,315,144,258
08,LUBUSKIE,2017,12,61,321,175,272
10,ŁÓDZKIE,2017,01,237,1594,548,1117
10,ŁÓDZKIE,2017,02,196,1211,434,916
10,ŁÓDZKIE,2017,03,216,1087,415,889
10,ŁÓDZKIE,2017,04,161,913,477,784
10,ŁÓDZKIE,2017,05,179,960,449,772
10,ŁÓDZKIE,2017,06,177,889,391,721
10,ŁÓDZKIE,2017,07,197,913,425,756
10,ŁÓDZKIE,2017,08,191,914,458,760
10,ŁÓDZKIE,2017,09,178,911,413,670
10,ŁÓDZKIE,2017,10,215,1082,471,861
10,ŁÓDZKIE,2017,11,160,916,410,757
10,ŁÓDZKIE,2017,12,167,923,425,793
12,MAŁOPOLSKIE,2017,01,203,1619,514,1330
12,MAŁOPOLSKIE,2017,02,148,1317,424,981
12,MAŁOPOLSKIE,2017,03,176,1152,409,954
12,MAŁOPOLSKIE,2017,04,169,1016,388,844
12,MAŁOPOLSKIE,2017,05,174,1030,370,886
12,MAŁOPOLSKIE,2017,06,160,945,401,784
12,MAŁOPOLSKIE,2017,07,166,988,402,881
12,MAŁOPOLSKIE,2017,08,183,1021,405,815
12,MAŁOPOLSKIE,2017,09,153,914,439,754
12,MAŁOPOLSKIE,2017,10,180,1069,419,920
12,MAŁOPOLSKIE,2017,11,147,1014,373,795
12,MAŁOPOLSKIE,2017,12,149,1029,393,896
14,MAZOWIECKIE,2017,01,407,2858,959,2161
14,MAZOWIECKIE,2017,02,318,2322,728,1776
14,MAZOWIECKIE,2017,03,314,2049,812,1656
14,MAZOWIECKIE,2017,04,310,1881,778,1549
14,MAZOWIECKIE,2017,05,307,1793,794,1517
14,MAZOWIECKIE,2017,06,308,1669,686,1355
14,MAZOWIECKIE,2017,07,310,1742,763,1417
14,MAZOWIECKIE,2017,08,330,1776,782,1459
14,MAZOWIECKIE,2017,09,303,1729,765,1480
14,MAZOWIECKIE,2017,10,336,2066,885,1612
14,MAZOWIECKIE,2017,11,294,1788,736,1449
14,MAZOWIECKIE,2017,12,328,1867,787,1550
16,OPOLSKIE,2017,01,83,605,183,464
16,OPOLSKIE,2017,02,69,471,173,372
16,OPOLSKIE,2017,03,68,382,141,298
16,OPOLSKIE,2017,04,52,347,130,282
16,OPOLSKIE,2017,05,65,322,140,268
16,OPOLSKIE,2017,06,53,317,137,273
16,OPOLSKIE,2017,07,55,307,114,255
16,OPOLSKIE,2017,08,66,365,129,269
16,OPOLSKIE,2017,09,52,301,128,270
16,OPOLSKIE,2017,10,59,353,158,289
16,OPOLSKIE,2017,11,45,330,118,299
16,OPOLSKIE,2017,12,66,340,162,295
18,PODKARPACKIE,2017,01,97,1011,292,793
18,PODKARPACKIE,2017,02,88,777,232,562
18,PODKARPACKIE,2017,03,100,636,257,536
18,PODKARPACKIE,2017,04,78,628,273,527
18,PODKARPACKIE,2017,05,68,608,239,541
18,PODKARPACKIE,2017,06,75,567,228,503
18,PODKARPACKIE,2017,07,79,607,254,495
18,PODKARPACKIE,2017,08,96,584,245,483
18,PODKARPACKIE,2017,09,86,542,265,468
18,PODKARPACKIE,2017,10,91,698,291,569
18,PODKARPACKIE,2017,11,99,554,258,479
18,PODKARPACKIE,2017,12,79,639,247,529
20,PODLASKIE,2017,01,70,572,211,468
20,PODLASKIE,2017,02,61,530,170,438
20,PODLASKIE,2017,03,66,468,188,364
20,PODLASKIE,2017,04,66,390,144,285
20,PODLASKIE,2017,05,50,417,181,316
20,PODLASKIE,2017,06,55,365,163,309
20,PODLASKIE,2017,07,65,374,176,354
20,PODLASKIE,2017,08,57,356,172,312
20,PODLASKIE,2017,09,52,363,145,340
20,PODLASKIE,2017,10,70,417,169,379
20,PODLASKIE,2017,11,66,364,177,301
20,PODLASKIE,2017,12,60,370,176,329
22,POMORSKIE,2017,01,171,884,344,721
22,POMORSKIE,2017,02,143,839,330,709
22,POMORSKIE,2017,03,147,737,343,661
22,POMORSKIE,2017,04,148,649,289,552
22,POMORSKIE,2017,05,136,651,311,567
22,POMORSKIE,2017,06,134,628,270,548
22,POMORSKIE,2017,07,124,648,286,561
22,POMORSKIE,2017,08,143,661,341,576
22,POMORSKIE,2017,09,137,629,309,550
22,POMORSKIE,2017,10,132,729,337,671
22,POMORSKIE,2017,11,156,648,295,560
22,POMORSKIE,2017,12,134,704,329,616
24,ŚLĄSKIE,2017,01,417,2425,915,2027
24,ŚLĄSKIE,2017,02,387,1973,725,1611
24,ŚLĄSKIE,2017,03,384,1721,755,1459
24,ŚLĄSKIE,2017,04,322,1543,697,1390
24,ŚLĄSKIE,2017,05,325,1520,751,1291
24,ŚLĄSKIE,2017,06,302,1420,686,1251
24,ŚLĄSKIE,2017,07,351,1512,702,1268
24,ŚLĄSKIE,2017,08,330,1471,721,1254
24,ŚLĄSKIE,2017,09,329,1470,715,1295
24,ŚLĄSKIE,2017,10,340,1773,737,1326
24,ŚLĄSKIE,2017,11,315,1497,722,1396
24,ŚLĄSKIE,2017,12,319,1576,716,1382
26,ŚWIĘTOKRZYSKIE,2017,01,89,757,215,533
26,ŚWIĘTOKRZYSKIE,2017,02,59,560,194,444
26,ŚWIĘTOKRZYSKIE,2017,03,64,534,197,388
26,ŚWIĘTOKRZYSKIE,2017,04,64,440,179,375
26,ŚWIĘTOKRZYSKIE,2017,05,61,437,197,367
26,ŚWIĘTOKRZYSKIE,2017,06,65,437,199,347
26,ŚWIĘTOKRZYSKIE,2017,07,74,422,188,370
26,ŚWIĘTOKRZYSKIE,2017,08,73,430,209,361
26,ŚWIĘTOKRZYSKIE,2017,09,73,392,202,332
26,ŚWIĘTOKRZYSKIE,2017,10,56,467,217,435
26,ŚWIĘTOKRZYSKIE,2017,11,62,418,202,341
26,ŚWIĘTOKRZYSKIE,2017,12,73,450,210,406
28,WARMIŃSKO-MAZURSKIE,2017,01,121,612,214,508
28,WARMIŃSKO-MAZURSKIE,2017,02,97,582,238,445
28,WARMIŃSKO-MAZURSKIE,2017,03,106,468,238,403
28,WARMIŃSKO-MAZURSKIE,2017,04,88,406,187,339
28,WARMIŃSKO-MAZURSKIE,2017,05,95,372,227,361
28,WARMIŃSKO-MAZURSKIE,2017,06,68,375,224,332
28,WARMIŃSKO-MAZURSKIE,2017,07,72,436,246,344
28,WARMIŃSKO-MAZURSKIE,2017,08,78,388,248,365
28,WARMIŃSKO-MAZURSKIE,2017,09,97,445,222,345
28,WARMIŃSKO-MAZURSKIE,2017,10,105,450,261,411
28,WARMIŃSKO-MAZURSKIE,2017,11,88,395,232,334
28,WARMIŃSKO-MAZURSKIE,2017,12,89,441,231,351
30,WIELKOPOLSKIE,2017,01,213,1393,559,1125
30,WIELKOPOLSKIE,2017,02,229,1403,456,1128
30,WIELKOPOLSKIE,2017,03,201,1139,480,948
30,WIELKOPOLSKIE,2017,04,223,950,484,861
30,WIELKOPOLSKIE,2017,05,205,981,445,926
30,WIELKOPOLSKIE,2017,06,189,977,447,812
30,WIELKOPOLSKIE,2017,07,214,1002,454,859
30,WIELKOPOLSKIE,2017,08,202,979,483,870
30,WIELKOPOLSKIE,2017,09,195,1003,482,817
30,WIELKOPOLSKIE,2017,10,188,1088,522,914
30,WIELKOPOLSKIE,2017,11,181,957,480,827
30,WIELKOPOLSKIE,2017,12,207,1076,507,924
32,ZACHODNIOPOMORSKIE,2017,01,141,658,267,547
32,ZACHODNIOPOMORSKIE,2017,02,113,691,272,559
32,ZACHODNIOPOMORSKIE,2017,03,129,643,262,491
32,ZACHODNIOPOMORSKIE,2017,04,125,516,267,476
32,ZACHODNIOPOMORSKIE,2017,05,119,509,273,453
32,ZACHODNIOPOMORSKIE,2017,06,96,530,238,442
32,ZACHODNIOPOMORSKIE,2017,07,133,512,254,451
32,ZACHODNIOPOMORSKIE,2017,08,126,480,276,470
32,ZACHODNIOPOMORSKIE,2017,09,103,478,241,481
32,ZACHODNIOPOMORSKIE,2017,10,107,546,272,487
32,ZACHODNIOPOMORSKIE,2017,11,112,529,243,481
32,ZACHODNIOPOMORSKIE,2017,12,122,566,296,520
02,DOLNOŚLĄSKIE,2016,01,244,1072,533,845
02,DOLNOŚLĄSKIE,2016,02,189,1002,533,832
02,DOLNOŚLĄSKIE,2016,03,229,1044,486,830
02,DOLNOŚLĄSKIE,2016,04,202,958,491,763
02,DOLNOŚLĄSKIE,2016,05,204,956,466,827
02,DOLNOŚLĄSKIE,2016,06,168,871,469,715
02,DOLNOŚLĄSKIE,2016,07,217,945,439,737
02,DOLNOŚLĄSKIE,2016,08,215,976,469,780
02,DOLNOŚLĄSKIE,2016,09,199,938,455,736
02,DOLNOŚLĄSKIE,2016,10,210,992,494,866
02,DOLNOŚLĄSKIE,2016,11,227,1013,460,805
02,DOLNOŚLĄSKIE,2016,12,215,1058,484,829
04,KUJAWSKO-POMORSKIE,2016,01,151,689,325,610
04,KUJAWSKO-POMORSKIE,2016,02,138,606,302,559
04,KUJAWSKO-POMORSKIE,2016,03,154,784,375,618
04,KUJAWSKO-POMORSKIE,2016,04,138,665,322,538
04,KUJAWSKO-POMORSKIE,2016,05,158,662,319,580
04,KUJAWSKO-POMORSKIE,2016,06,113,602,281,486
04,KUJAWSKO-POMORSKIE,2016,07,160,574,319,501
04,KUJAWSKO-POMORSKIE,2016,08,143,606,277,512
04,KUJAWSKO-POMORSKIE,2016,09,140,568,328,510
04,KUJAWSKO-POMORSKIE,2016,10,136,659,323,565
04,KUJAWSKO-POMORSKIE,2016,11,143,621,331,567
04,KUJAWSKO-POMORSKIE,2016,12,141,678,309,587
06,LUBELSKIE,2016,01,133,861,347,686
06,LUBELSKIE,2016,02,101,778,339,621
06,LUBELSKIE,2016,03,119,803,320,632
06,LUBELSKIE,2016,04,133,656,335,601
06,LUBELSKIE,2016,05,111,722,327,645
06,LUBELSKIE,2016,06,101,678,307,607
06,LUBELSKIE,2016,07,103,705,291,583
06,LUBELSKIE,2016,08,112,647,300,557
06,LUBELSKIE,2016,09,113,666,303,562
06,LUBELSKIE,2016,10,110,798,347,667
06,LUBELSKIE,2016,11,104,700,322,628
06,LUBELSKIE,2016,12,117,856,338,699
08,LUBUSKIE,2016,01,65,338,181,291
08,LUBUSKIE,2016,02,62,306,186,268
08,LUBUSKIE,2016,03,74,326,224,294
08,LUBUSKIE,2016,04,68,332,158,255
08,LUBUSKIE,2016,05,65,315,176,263
08,LUBUSKIE,2016,06,70,250,149,266
08,LUBUSKIE,2016,07,75,267,184,259
08,LUBUSKIE,2016,08,81,299,186,232
08,LUBUSKIE,2016,09,60,259,153,251
08,LUBUSKIE,2016,10,72,309,158,292
08,LUBUSKIE,2016,11,72,277,181,269
08,LUBUSKIE,2016,12,66,353,186,281
10,ŁÓDZKIE,2016,01,222,1066,537,845
10,ŁÓDZKIE,2016,02,209,1028,444,826
10,ŁÓDZKIE,2016,03,211,1093,463,811
10,ŁÓDZKIE,2016,04,193,1014,496,743
10,ŁÓDZKIE,2016,05,196,954,449,776
10,ŁÓDZKIE,2016,06,167,950,454,686
10,ŁÓDZKIE,2016,07,198,884,439,712
10,ŁÓDZKIE,2016,08,173,925,441,722
10,ŁÓDZKIE,2016,09,192,917,433,727
10,ŁÓDZKIE,2016,10,169,975,482,788
10,ŁÓDZKIE,2016,11,193,958,465,808
10,ŁÓDZKIE,2016,12,215,1120,484,828
12,MAŁOPOLSKIE,2016,01,189,1182,410,1004
12,MAŁOPOLSKIE,2016,02,183,1049,377,829
12,MAŁOPOLSKIE,2016,03,162,1088,455,956
12,MAŁOPOLSKIE,2016,04,158,1067,404,867
12,MAŁOPOLSKIE,2016,05,165,1028,451,861
12,MAŁOPOLSKIE,2016,06,143,989,434,831
12,MAŁOPOLSKIE,2016,07,163,975,417,842
12,MAŁOPOLSKIE,2016,08,135,1008,436,766
12,MAŁOPOLSKIE,2016,09,151,949,439,801
12,MAŁOPOLSKIE,2016,10,164,1056,436,944
12,MAŁOPOLSKIE,2016,11,167,1064,414,887
12,MAŁOPOLSKIE,2016,12,163,1150,434,1000
14,MAZOWIECKIE,2016,01,343,2117,857,1672
14,MAZOWIECKIE,2016,02,354,1955,805,1599
14,MAZOWIECKIE,2016,03,347,1948,905,1650
14,MAZOWIECKIE,2016,04,269,1785,775,1458
14,MAZOWIECKIE,2016,05,334,1847,814,1464
14,MAZOWIECKIE,2016,06,312,1694,789,1383
14,MAZOWIECKIE,2016,07,349,1739,821,1391
14,MAZOWIECKIE,2016,08,350,1724,775,1398
14,MAZOWIECKIE,2016,09,324,1723,800,1418
14,MAZOWIECKIE,2016,10,330,1892,803,1576
14,MAZOWIECKIE,2016,11,297,1806,795,1484
14,MAZOWIECKIE,2016,12,364,2101,928,1754
16,OPOLSKIE,2016,01,64,388,158,300
16,OPOLSKIE,2016,02,58,351,137,297
16,OPOLSKIE,2016,03,60,344,151,292
16,OPOLSKIE,2016,04,59,341,139,265
16,OPOLSKIE,2016,05,54,332,148,270
16,OPOLSKIE,2016,06,51,304,135,263
16,OPOLSKIE,2016,07,55,302,118,260
16,OPOLSKIE,2016,08,53,322,135,237
16,OPOLSKIE,2016,09,42,317,139,271
16,OPOLSKIE,2016,10,56,366,140,295
16,OPOLSKIE,2016,11,80,344,133,298
16,OPOLSKIE,2016,12,86,375,178,299
18,PODKARPACKIE,2016,01,108,728,261,595
18,PODKARPACKIE,2016,02,89,722,249,545
18,PODKARPACKIE,2016,03,79,678,246,601
18,PODKARPACKIE,2016,04,95,642,259,545
18,PODKARPACKIE,2016,05,103,623,267,531
18,PODKARPACKIE,2016,06,70,632,227,530
18,PODKARPACKIE,2016,07,99,587,232,490
18,PODKARPACKIE,2016,08,96,593,249,532
18,PODKARPACKIE,2016,09,105,563,249,471
18,PODKARPACKIE,2016,10,101,671,294,530
18,PODKARPACKIE,2016,11,80,623,257,519
18,PODKARPACKIE,2016,12,100,687,265,583
20,PODLASKIE,2016,01,73,403,173,371
20,PODLASKIE,2016,02,69,403,168,351
20,PODLASKIE,2016,03,56,427,177,365
20,PODLASKIE,2016,04,64,392,142,348
20,PODLASKIE,2016,05,66,381,179,336
20,PODLASKIE,2016,06,54,394,164,311
20,PODLASKIE,2016,07,65,385,212,320
20,PODLASKIE,2016,08,64,382,192,311
20,PODLASKIE,2016,09,53,385,159,343
20,PODLASKIE,2016,10,66,428,167,347
20,PODLASKIE,2016,11,64,427,157,339
20,PODLASKIE,2016,12,58,457,170,386
22,POMORSKIE,2016,01,162,760,338,643
22,POMORSKIE,2016,02,125,726,319,597
22,POMORSKIE,2016,03,163,722,327,614
22,POMORSKIE,2016,04,154,640,338,598
22,POMORSKIE,2016,05,143,686,324,586
22,POMORSKIE,2016,06,126,627,264,579
22,POMORSKIE,2016,07,133,596,350,559
22,POMORSKIE,2016,08,139,642,332,575
22,POMORSKIE,2016,09,130,630,294,565
22,POMORSKIE,2016,10,160,683,345,619
22,POMORSKIE,2016,11,157,713,306,580
22,POMORSKIE,2016,12,139,767,324,662
24,ŚLĄSKIE,2016,01,398,1775,859,1409
24,ŚLĄSKIE,2016,02,392,1568,714,1303
24,ŚLĄSKIE,2016,03,404,1717,778,1430
24,ŚLĄSKIE,2016,04,342,1535,748,1312
24,ŚLĄSKIE,2016,05,325,1531,796,1299
24,ŚLĄSKIE,2016,06,320,1428,733,1244
24,ŚLĄSKIE,2016,07,314,1455,710,1250
24,ŚLĄSKIE,2016,08,352,1468,709,1204
24,ŚLĄSKIE,2016,09,328,1450,736,1248
24,ŚLĄSKIE,2016,10,337,1600,788,1338
24,ŚLĄSKIE,2016,11,343,1644,747,1329
24,ŚLĄSKIE,2016,12,379,1763,841,1480
26,ŚWIĘTOKRZYSKIE,2016,01,87,501,192,387
26,ŚWIĘTOKRZYSKIE,2016,02,84,436,176,375
26,ŚWIĘTOKRZYSKIE,2016,03,70,510,213,422
26,ŚWIĘTOKRZYSKIE,2016,04,67,465,191,374
26,ŚWIĘTOKRZYSKIE,2016,05,78,461,189,423
26,ŚWIĘTOKRZYSKIE,2016,06,74,450,199,352
26,ŚWIĘTOKRZYSKIE,2016,07,78,473,198,353
26,ŚWIĘTOKRZYSKIE,2016,08,69,403,203,350
26,ŚWIĘTOKRZYSKIE,2016,09,72,433,192,353
26,ŚWIĘTOKRZYSKIE,2016,10,73,472,226,412
26,ŚWIĘTOKRZYSKIE,2016,11,65,441,202,417
26,ŚWIĘTOKRZYSKIE,2016,12,95,563,236,487
28,WARMIŃSKO-MAZURSKIE,2016,01,106,479,266,385
28,WARMIŃSKO-MAZURSKIE,2016,02,103,404,206,376
28,WARMIŃSKO-MAZURSKIE,2016,03,85,456,248,425
28,WARMIŃSKO-MAZURSKIE,2016,04,98,401,236,362
28,WARMIŃSKO-MAZURSKIE,2016,05,98,421,228,405
28,WARMIŃSKO-MAZURSKIE,2016,06,102,384,233,344
28,WARMIŃSKO-MAZURSKIE,2016,07,112,364,245,370
28,WARMIŃSKO-MAZURSKIE,2016,08,87,418,229,366
28,WARMIŃSKO-MAZURSKIE,2016,09,75,394,225,363
28,WARMIŃSKO-MAZURSKIE,2016,10,102,461,243,393
28,WARMIŃSKO-MAZURSKIE,2016,11,102,431,229,368
28,WARMIŃSKO-MAZURSKIE,2016,12,97,442,255,367
30,WIELKOPOLSKIE,2016,01,217,1136,557,948
30,WIELKOPOLSKIE,2016,02,218,1084,493,873
30,WIELKOPOLSKIE,2016,03,268,1117,483,934
30,WIELKOPOLSKIE,2016,04,220,1027,490,882
30,WIELKOPOLSKIE,2016,05,239,1041,495,872
30,WIELKOPOLSKIE,2016,06,217,998,460,810
30,WIELKOPOLSKIE,2016,07,168,999,481,850
30,WIELKOPOLSKIE,2016,08,198,962,493,819
30,WIELKOPOLSKIE,2016,09,230,956,449,818
30,WIELKOPOLSKIE,2016,10,202,1068,512,933
30,WIELKOPOLSKIE,2016,11,207,1055,478,913
30,WIELKOPOLSKIE,2016,12,223,1184,501,952
32,ZACHODNIOPOMORSKIE,2016,01,136,578,313,501
32,ZACHODNIOPOMORSKIE,2016,02,116,594,307,458
32,ZACHODNIOPOMORSKIE,2016,03,140,574,334,493
32,ZACHODNIOPOMORSKIE,2016,04,117,498,252,457
32,ZACHODNIOPOMORSKIE,2016,05,121,527,306,455
32,ZACHODNIOPOMORSKIE,2016,06,114,455,282,403
32,ZACHODNIOPOMORSKIE,2016,07,114,491,251,408
32,ZACHODNIOPOMORSKIE,2016,08,133,480,278,468
32,ZACHODNIOPOMORSKIE,2016,09,109,438,265,429
32,ZACHODNIOPOMORSKIE,2016,10,113,538,314,492
32,ZACHODNIOPOMORSKIE,2016,11,117,537,275,477
32,ZACHODNIOPOMORSKIE,2016,12,121,597,296,471
02,DOLNOŚLĄSKIE,2015,09,208,816,463,697
02,DOLNOŚLĄSKIE,2015,10,203,1001,534,745
02,DOLNOŚLĄSKIE,2015,11,212,927,474,772
02,DOLNOŚLĄSKIE,2015,12,206,1020,501,834
04,KUJAWSKO-POMORSKIE,2015,09,126,520,286,492
04,KUJAWSKO-POMORSKIE,2015,10,149,598,322,530
04,KUJAWSKO-POMORSKIE,2015,11,144,599,321,516
04,KUJAWSKO-POMORSKIE,2015,12,146,690,305,587
06,LUBELSKIE,2015,09,109,597,284,489
06,LUBELSKIE,2015,10,93,705,332,625
06,LUBELSKIE,2015,11,115,752,293,598
06,LUBELSKIE,2015,12,111,779,348,648
08,LUBUSKIE,2015,09,56,261,148,208
08,LUBUSKIE,2015,10,63,293,152,273
08,LUBUSKIE,2015,11,73,309,178,245
08,LUBUSKIE,2015,12,85,317,176,241
10,ŁÓDZKIE,2015,09,162,879,395,626
10,ŁÓDZKIE,2015,10,187,941,453,757
10,ŁÓDZKIE,2015,11,218,952,504,763
10,ŁÓDZKIE,2015,12,194,1022,522,779
12,MAŁOPOLSKIE,2015,09,172,926,419,777
12,MAŁOPOLSKIE,2015,10,221,1030,390,903
12,MAŁOPOLSKIE,2015,11,151,1020,404,803
12,MAŁOPOLSKIE,2015,12,176,1055,468,879
14,MAZOWIECKIE,2015,09,357,1613,755,1279
14,MAZOWIECKIE,2015,10,372,1852,842,1515
14,MAZOWIECKIE,2015,11,310,1853,859,1511
14,MAZOWIECKIE,2015,12,352,1834,854,1507
16,OPOLSKIE,2015,09,59,310,153,236
16,OPOLSKIE,2015,10,59,347,142,274
16,OPOLSKIE,2015,11,64,344,127,293
16,OPOLSKIE,2015,12,56,349,164,298
18,PODKARPACKIE,2015,09,108,580,242,481
18,PODKARPACKIE,2015,10,88,640,242,520
18,PODKARPACKIE,2015,11,110,660,267,513
18,PODKARPACKIE,2015,12,98,596,276,505
20,PODLASKIE,2015,09,63,369,172,331
20,PODLASKIE,2015,10,61,414,182,375
20,PODLASKIE,2015,11,54,386,160,337
20,PODLASKIE,2015,12,66,373,171,347
22,POMORSKIE,2015,09,143,624,297,512
22,POMORSKIE,2015,10,144,662,327,542
22,POMORSKIE,2015,11,136,700,342,555
22,POMORSKIE,2015,12,171,699,333,580
24,ŚLĄSKIE,2015,09,373,1322,691,1160
24,ŚLĄSKIE,2015,10,350,1562,779,1260
24,ŚLĄSKIE,2015,11,381,1525,784,1319
24,ŚLĄSKIE,2015,12,398,1579,796,1329
26,ŚWIĘTOKRZYSKIE,2015,09,60,355,170,353
26,ŚWIĘTOKRZYSKIE,2015,10,75,467,227,383
26,ŚWIĘTOKRZYSKIE,2015,11,54,433,221,411
26,ŚWIĘTOKRZYSKIE,2015,12,72,439,209,422
28,WARMIŃSKO-MAZURSKIE,2015,09,72,379,211,301
28,WARMIŃSKO-MAZURSKIE,2015,10,81,394,238,384
28,WARMIŃSKO-MAZURSKIE,2015,11,94,417,231,324
28,WARMIŃSKO-MAZURSKIE,2015,12,90,408,258,362
30,WIELKOPOLSKIE,2015,09,188,893,465,724
30,WIELKOPOLSKIE,2015,10,209,1007,483,855
30,WIELKOPOLSKIE,2015,11,221,1128,505,843
30,WIELKOPOLSKIE,2015,12,227,1029,503,883
32,ZACHODNIOPOMORSKIE,2015,09,127,477,249,389
32,ZACHODNIOPOMORSKIE,2015,10,110,521,284,456
32,ZACHODNIOPOMORSKIE,2015,11,141,522,290,414
32,ZACHODNIOPOMORSKIE,2015,12,132,541,292,460
